time_s,time_min,freq_n1_Hz,freq_n3_Hz
0.0,0.0,0.5003,0.3391
1.0011,0.0167,-0.1137,-1.4911
2.0022,0.0334,-1.1398,-3.3514
3.0033,0.0501,-1.6263,-3.9995
4.0044,0.0667,-2.1564,-6.4287
5.0056,0.0834,-2.7376,-6.9492
6.0067,0.1001,-2.7032,-8.0872
7.0078,0.1168,-3.6558,-9.747
8.0089,0.1335,-2.9565,-10.9336
9.01,0.1502,-4.1704,-12.5197
10.0111,0.1669,-4.6467,-14.5584
11.0122,0.1835,-5.3042,-15.9206
12.0133,0.2002,-5.416,-17.1477
13.0145,0.2169,-6.2046,-18.2187
14.0156,0.2336,-6.5435,-19.4863
15.0167,0.2503,-7.0804,-21.3645
16.0178,0.267,-7.1327,-21.0365
17.0189,0.2836,-7.5441,-25.0362
18.02,0.3003,-7.8872,-25.5314
19.0211,0.317,-8.5568,-25.951
20.0222,0.3337,-8.8591,-27.2732
21.0234,0.3504,-9.7499,-29.0851
22.0245,0.3671,-9.9818,-29.7848
23.0256,0.3838,-10.033,-30.1036
24.0267,0.4004,-10.155,-32.5929
25.0278,0.4171,-11.179,-33.944
26.0289,0.4338,-11.4983,-35.1264
27.03,0.4505,-12.073,-35.7467
28.0311,0.4672,-12.2731,-37.971
29.0323,0.4839,-12.2295,-38.1601
30.0334,0.5006,-13.1807,-39.5542
31.0345,0.5172,-13.3382,-41.2049
32.0356,0.5339,-13.9144,-41.9611
33.0367,0.5506,-13.9566,-44.2966
34.0378,0.5673,-14.6158,-45.1005
35.0389,0.584,-15.1956,-46.1426
36.04,0.6007,-15.4775,-47.6246
37.0412,0.6174,-15.8842,-48.5453
38.0423,0.634,-16.3827,-49.1743
39.0434,0.6507,-16.7423,-52.0758
40.0445,0.6674,-16.6214,-52.1119
41.0456,0.6841,-17.6851,-53.5668
42.0467,0.7008,-17.9594,-53.3518
43.0478,0.7175,-17.9825,-55.8105
44.0489,0.7341,-18.6186,-56.9931
45.0501,0.7508,-19.3315,-57.4887
46.0512,0.7675,-18.7859,-58.5206
47.0523,0.7842,-19.74,-58.9642
48.0534,0.8009,-19.7523,-61.1215
49.0545,0.8176,-19.6237,-61.6114
50.0556,0.8343,-20.7391,-62.2791
51.0567,0.8509,-21.4071,-64.3265
52.0578,0.8676,-21.634,-65.2524
53.059,0.8843,-21.8537,-66.5498
54.0601,0.901,-22.1547,-66.5866
55.0612,0.9177,-22.3016,-68.3589
56.0623,0.9344,-22.5394,-70.3146
57.0634,0.9511,-23.0175,-71.2129
58.0645,0.9677,-23.2472,-71.8317
59.0656,0.9844,-23.6963,-73.0764
60.0667,1.0011,-23.973,-73.8807
61.0679,1.0178,-24.5126,-75.0812
62.069,1.0345,-25.1515,-75.3487
63.0701,1.0512,-24.5803,-76.2444
64.0712,1.0679,-25.0914,-77.6133
65.0723,1.0845,-25.3368,-78.8923
66.0734,1.1012,-25.9186,-79.8251
67.0745,1.1179,-26.4243,-81.5954
68.0756,1.1346,-27.1985,-82.4198
69.0768,1.1513,-26.6898,-82.6367
70.0779,1.168,-27.031,-83.0032
71.079,1.1846,-27.7143,-83.8066
72.0801,1.2013,-28.9337,-85.4023
73.0812,1.218,-28.807,-86.532
74.0823,1.2347,-28.756,-88.7235
75.0834,1.2514,-28.7179,-89.4419
76.0845,1.2681,-29.2687,-90.3319
77.0857,1.2848,-29.5033,-90.8484
78.0868,1.3014,-29.6632,-91.4599
79.0879,1.3181,-30.1692,-92.7807
80.089,1.3348,-30.7622,-93.3109
81.0901,1.3515,-30.7831,-94.8206
82.0912,1.3682,-31.1275,-94.8431
83.0923,1.3849,-31.5217,-95.0389
84.0934,1.4016,-32.1452,-96.1998
85.0945,1.4182,-32.0973,-97.3777
86.0957,1.4349,-32.3833,-99.4307
87.0968,1.4516,-32.2975,-100.1897
88.0979,1.4683,-32.8551,-100.4918
89.099,1.485,-32.6305,-101.9768
90.1001,1.5017,-33.2223,-102.9272
91.1012,1.5184,-33.9567,-104.2818
92.1023,1.535,-33.9387,-103.7201
93.1034,1.5517,-33.9227,-104.9804
94.1046,1.5684,-34.1915,-106.0442
95.1057,1.5851,-34.7041,-106.084
96.1068,1.6018,-34.9951,-106.5674
97.1079,1.6185,-35.4474,-108.7794
98.109,1.6352,-35.6513,-109.1021
99.1101,1.6518,-35.9586,-109.9867
100.1112,1.6685,-36.4911,-111.3267
101.1123,1.6852,-36.9096,-111.4408
102.1135,1.7019,-37.5439,-112.3614
103.1146,1.7186,-37.4796,-113.5467
104.1157,1.7353,-36.8873,-114.3999
105.1168,1.7519,-36.9633,-115.3363
106.1179,1.7686,-38.172,-115.3753
107.119,1.7853,-38.4692,-117.4138
108.1201,1.802,-38.3632,-117.6712
109.1212,1.8187,-38.3024,-118.3297
110.1224,1.8354,-38.3068,-119.793
111.1235,1.8521,-39.4228,-120.3595
112.1246,1.8687,-38.7766,-120.8773
113.1257,1.8854,-39.8498,-121.3885
114.1268,1.9021,-40.0443,-121.5092
115.1279,1.9188,-39.9255,-122.8614
116.129,1.9355,-40.0767,-124.4939
117.1301,1.9522,-40.3225,-124.6236
118.1313,1.9689,-40.9027,-125.3544
119.1324,1.9855,-40.9173,-125.9699
120.1335,2.0022,-41.9096,-127.5995
121.1346,2.0189,-41.3577,-127.5182
122.1357,2.0356,-42.3426,-128.2706
123.1368,2.0523,-42.0782,-128.7807
124.1379,2.069,-42.1868,-128.9093
125.139,2.0857,-42.3327,-130.8017
126.1402,2.1023,-43.2607,-130.2142
127.1413,2.119,-43.0785,-131.8511
128.1424,2.1357,-43.3831,-131.721
129.1435,2.1524,-43.585,-133.8209
130.1446,2.1691,-44.1759,-133.4811
131.1457,2.1858,-43.9991,-134.6996
132.1468,2.2024,-44.5076,-135.3059
133.1479,2.2191,-44.3742,-135.4206
134.1491,2.2358,-44.8295,-136.7063
135.1502,2.2525,-45.0822,-137.2124
136.1513,2.2692,-45.1681,-137.6778
137.1524,2.2859,-44.8049,-138.345
138.1535,2.3026,-45.6676,-140.0272
139.1546,2.3192,-45.6157,-139.9748
140.1557,2.3359,-45.8825,-141.3381
141.1568,2.3526,-46.082,-141.9024
142.158,2.3693,-46.6662,-143.0659
143.1591,2.386,-46.5674,-141.5716
144.1602,2.4027,-46.7594,-143.7223
145.1613,2.4194,-47.044,-143.7266
146.1624,2.436,-47.0027,-144.2929
147.1635,2.4527,-47.3983,-144.5208
148.1646,2.4694,-47.8793,-146.1685
149.1657,2.4861,-47.9547,-146.5768
150.1669,2.5028,-48.0784,-146.7174
151.168,2.5195,-48.5386,-147.8614
152.1691,2.5362,-48.1475,-149.4215
153.1702,2.5528,-48.6875,-149.3107
154.1713,2.5695,-49.2351,-149.2767
155.1724,2.5862,-49.0004,-149.8314
156.1735,2.6029,-49.4694,-150.2857
157.1746,2.6196,-49.1511,-151.9947
158.1758,2.6363,-49.9139,-152.6256
159.1769,2.6529,-49.6354,-152.3053
160.178,2.6696,-49.824,-152.9502
161.1791,2.6863,-50.1733,-153.8793
162.1802,2.703,-50.4598,-154.0111
163.1813,2.7197,-50.7866,-155.0062
164.1824,2.7364,-50.3956,-155.5049
165.1835,2.7531,-51.2224,-155.9655
166.1846,2.7697,-51.2617,-156.1825
167.1858,2.7864,-51.0674,-156.6339
168.1869,2.8031,-51.3623,-157.908
169.188,2.8198,-51.5204,-157.4456
170.1891,2.8365,-52.5785,-159.0907
171.1902,2.8532,-52.2969,-159.2363
172.1913,2.8699,-51.9921,-161.1569
173.1924,2.8865,-52.4687,-160.7986
174.1935,2.9032,-52.8206,-161.6112
175.1947,2.9199,-53.4044,-161.8504
176.1958,2.9366,-52.3706,-163.3068
177.1969,2.9533,-52.8047,-162.0578
178.198,2.97,-53.6858,-164.7428
179.1991,2.9867,-53.3217,-164.5708
180.2002,3.0033,-53.1899,-165.0452
181.2013,3.02,-54.3387,-164.6884
182.2024,3.0367,-54.3156,-165.3835
183.2036,3.0534,-54.3594,-166.4536
184.2047,3.0701,-54.3082,-166.3571
185.2058,3.0868,-54.4771,-167.0851
186.2069,3.1034,-54.8276,-167.2862
187.208,3.1201,-54.9188,-168.0891
188.2091,3.1368,-54.9112,-169.1133
189.2102,3.1535,-55.2747,-169.685
190.2113,3.1702,-55.4287,-169.3217
191.2125,3.1869,-55.8233,-170.3327
192.2136,3.2036,-55.0017,-170.3244
193.2147,3.2202,-55.5647,-171.4506
194.2158,3.2369,-55.8335,-171.6838
195.2169,3.2536,-56.5666,-172.8771
196.218,3.2703,-56.4624,-172.1379
197.2191,3.287,-56.3999,-173.6162
198.2202,3.3037,-56.7858,-173.0057
199.2214,3.3204,-57.2605,-174.0987
200.2225,3.337,-56.9997,-174.5631
201.2236,3.3537,-57.3448,-175.5363
202.2247,3.3704,-57.7368,-175.7934
203.2258,3.3871,-57.5253,-176.5929
204.2269,3.4038,-57.5651,-176.6478
205.228,3.4205,-58.0672,-176.4214
206.2291,3.4372,-57.9677,-177.1663
207.2303,3.4538,-58.3035,-178.0515
208.2314,3.4705,-58.2789,-178.4853
209.2325,3.4872,-58.145,-179.2115
210.2336,3.5039,-58.6366,-179.3461
211.2347,3.5206,-58.7433,-179.0604
212.2358,3.5373,-58.954,-180.0417
213.2369,3.5539,-58.4365,-180.991
214.238,3.5706,-59.1566,-180.5457
215.2392,3.5873,-58.8958,-181.1525
216.2403,3.604,-59.6957,-182.0793
217.2414,3.6207,-59.5629,-182.499
218.2425,3.6374,-59.7268,-182.4443
219.2436,3.6541,-59.91,-183.1502
220.2447,3.6707,-59.9244,-183.5346
221.2458,3.6874,-60.1171,-183.1342
222.2469,3.7041,-60.1478,-183.8258
223.2481,3.7208,-60.4731,-185.023
224.2492,3.7375,-60.3874,-185.8073
225.2503,3.7542,-60.9889,-185.1312
226.2514,3.7709,-60.6088,-186.1335
227.2525,3.7875,-60.8659,-185.2051
228.2536,3.8042,-60.8078,-186.9628
229.2547,3.8209,-61.1432,-186.7671
230.2558,3.8376,-61.0644,-188.4017
231.257,3.8543,-62.0722,-187.9408
232.2581,3.871,-61.7343,-189.5205
233.2592,3.8877,-61.7435,-188.5107
234.2603,3.9043,-62.266,-189.5344
235.2614,3.921,-62.0256,-189.6441
236.2625,3.9377,-62.1596,-190.0969
237.2636,3.9544,-61.7359,-190.8762
238.2647,3.9711,-61.9758,-190.4988
239.2659,3.9878,-62.5917,-191.8535
240.267,4.0044,-62.6711,-191.925
241.2681,4.0211,-62.4005,-191.7406
242.2692,4.0378,-62.6515,-192.8329
243.2703,4.0545,-62.8021,-193.126
244.2714,4.0712,-63.6331,-194.1897
245.2725,4.0879,-62.9619,-193.2777
246.2736,4.1046,-63.5909,-193.1543
247.2747,4.1212,-63.2085,-194.31
248.2759,4.1379,-63.6518,-194.903
249.277,4.1546,-64.244,-195.6258
250.2781,4.1713,-63.6972,-195.8044
251.2792,4.188,-63.648,-195.6882
252.2803,4.2047,-64.0054,-195.5908
253.2814,4.2214,-64.2871,-196.6908
254.2825,4.238,-64.4642,-196.8691
255.2836,4.2547,-64.5334,-196.4244
256.2848,4.2714,-65.0362,-196.2262
257.2859,4.2881,-64.4189,-196.9264
258.287,4.3048,-64.6409,-198.2968
259.2881,4.3215,-64.9764,-198.5149
260.2892,4.3382,-64.6998,-198.5929
261.2903,4.3548,-65.02,-198.9333
262.2914,4.3715,-65.3832,-198.7959
263.2925,4.3882,-65.166,-200.5367
264.2937,4.4049,-65.3496,-200.3117
265.2948,4.4216,-65.7272,-200.9198
266.2959,4.4383,-65.3857,-199.8325
267.297,4.4549,-65.7829,-201.1374
268.2981,4.4716,-65.8572,-201.1282
269.2992,4.4883,-65.9621,-202.3865
270.3003,4.505,-65.8968,-202.3384
271.3014,4.5217,-65.9526,-201.6201
272.3026,4.5384,-66.1455,-202.0271
273.3037,4.5551,-66.0096,-203.4327
274.3048,4.5717,-66.4464,-203.4581
275.3059,4.5884,-67.1648,-204.6525
276.307,4.6051,-66.2887,-204.6896
277.3081,4.6218,-66.577,-205.0843
278.3092,4.6385,-66.6221,-203.9737
279.3103,4.6552,-67.1358,-205.4802
280.3115,4.6719,-66.6405,-205.0597
281.3126,4.6885,-67.2284,-206.0334
282.3137,4.7052,-67.4615,-206.0356
283.3148,4.7219,-67.7363,-206.5014
284.3159,4.7386,-67.6728,-207.4977
285.317,4.7553,-68.185,-207.0123
286.3181,4.772,-67.3919,-207.2608
287.3192,4.7887,-68.3797,-206.6925
288.3204,4.8053,-67.4003,-208.0038
289.3215,4.822,-67.6046,-207.1755
290.3226,4.8387,-68.2646,-207.6585
291.3237,4.8554,-68.5008,-208.9868
292.3248,4.8721,-68.5388,-209.0354
293.3259,4.8888,-68.8401,-208.6182
294.327,4.9055,-68.5276,-208.9995
295.3281,4.9221,-68.5234,-208.8331
296.3293,4.9388,-68.516,-210.6667
297.3304,4.9555,-68.6307,-210.1738
298.3315,4.9722,-68.3612,-211.0913
299.3326,4.9889,-68.2148,-211.3645
300.3337,5.0056,-69.3392,-210.6966
301.3348,5.0222,-69.1377,-211.3101
302.3359,5.0389,-68.8379,-211.9023
303.337,5.0556,-69.0891,-211.5772
304.3382,5.0723,-69.1523,-211.9497
305.3393,5.089,-69.8543,-212.0117
306.3404,5.1057,-70.1513,-212.6811
307.3415,5.1224,-69.9582,-213.5311
308.3426,5.139,-69.9122,-212.5115
309.3437,5.1557,-69.9204,-212.7052
310.3448,5.1724,-70.188,-213.2947
311.3459,5.1891,-70.1021,-213.8291
312.3471,5.2058,-70.2957,-214.9602
313.3482,5.2225,-69.7543,-214.7561
314.3493,5.2392,-69.9593,-215.5052
315.3504,5.2558,-70.0661,-214.7813
316.3515,5.2725,-70.4101,-214.8346
317.3526,5.2892,-70.9646,-215.6928
318.3537,5.3059,-70.6543,-215.0161
319.3548,5.3226,-70.164,-216.8621
320.356,5.3393,-70.5348,-216.5527
321.3571,5.356,-70.8209,-216.4254
322.3582,5.3726,-70.7046,-216.3159
323.3593,5.3893,-70.282,-218.069
324.3604,5.406,-71.4958,-216.6224
325.3615,5.4227,-70.8712,-217.0874
326.3626,5.4394,-71.345,-217.9618
327.3637,5.4561,-71.3471,-217.7521
328.3648,5.4727,-70.9569,-218.2197
329.366,5.4894,-71.2574,-218.179
330.3671,5.5061,-70.8653,-218.6636
331.3682,5.5228,-70.9803,-218.472
332.3693,5.5395,-71.7674,-219.2321
333.3704,5.5562,-71.9977,-218.6963
334.3715,5.5729,-71.8592,-219.4933
335.3726,5.5895,-72.065,-219.9748
336.3737,5.6062,-72.1935,-219.3601
337.3749,5.6229,-72.2238,-219.7459
338.376,5.6396,-71.7139,-219.9241
339.3771,5.6563,-71.7331,-220.1116
340.3782,5.673,-72.1544,-219.8312
341.3793,5.6897,-72.0759,-220.7131
342.3804,5.7063,-72.2262,-221.9935
343.3815,5.723,-72.2399,-221.2447
344.3826,5.7397,-72.9094,-220.9206
345.3838,5.7564,-73.1546,-221.8832
346.3849,5.7731,-72.6957,-221.6031
347.386,5.7898,-72.9478,-222.9618
348.3871,5.8065,-72.3201,-223.2792
349.3882,5.8231,-72.5326,-222.8436
350.3893,5.8398,-72.6545,-224.0963
351.3904,5.8565,-72.9531,-222.3833
352.3915,5.8732,-73.1158,-223.4904
353.3927,5.8899,-73.0517,-223.5927
354.3938,5.9066,-72.9713,-223.2935
355.3949,5.9232,-73.5449,-224.4846
356.396,5.9399,-72.5965,-223.5646
357.3971,5.9566,-73.1351,-224.587
358.3982,5.9733,-73.4648,-225.0103
359.3993,5.99,-73.3965,-224.7685
360.4004,6.0067,-73.8605,-225.0533
361.4016,6.0234,-73.67,-226.1834
362.4027,6.04,-73.7891,-225.39
363.4038,6.0567,-73.6154,-225.0901
364.4049,6.0734,-74.3192,-225.3082
365.406,6.0901,-73.1598,-224.7949
366.4071,6.1068,-74.0257,-225.924
367.4082,6.1235,-73.8205,-226.1564
368.4093,6.1402,-74.0162,-225.9729
369.4105,6.1568,-73.8661,-226.4939
370.4116,6.1735,-74.0709,-226.2807
371.4127,6.1902,-74.2641,-227.0314
372.4138,6.2069,-73.9414,-226.444
373.4149,6.2236,-74.3793,-227.941
374.416,6.2403,-74.2873,-227.6372
375.4171,6.257,-74.2507,-227.3435
376.4182,6.2736,-74.6641,-227.0322
377.4194,6.2903,-74.1882,-228.0546
378.4205,6.307,-74.1822,-228.4225
379.4216,6.3237,-74.5146,-228.6253
380.4227,6.3404,-74.879,-228.6704
381.4238,6.3571,-75.0777,-230.234
382.4249,6.3737,-74.7256,-229.249
383.426,6.3904,-74.9121,-228.9094
384.4271,6.4071,-74.4582,-228.6303
385.4283,6.4238,-74.7413,-229.5026
386.4294,6.4405,-74.5057,-230.3363
387.4305,6.4572,-75.091,-230.2044
388.4316,6.4739,-75.1151,-229.6892
389.4327,6.4905,-75.5321,-230.8455
390.4338,6.5072,-74.5012,-229.766
391.4349,6.5239,-75.2306,-230.455
392.436,6.5406,-75.413,-230.2937
393.4372,6.5573,-75.4374,-231.1096
394.4383,6.574,-75.449,-231.5159
395.4394,6.5907,-75.1179,-230.8872
396.4405,6.6073,-75.4903,-232.1248
397.4416,6.624,-75.8988,-231.9931
398.4427,6.6407,-76.0712,-232.3477
399.4438,6.6574,-75.296,-231.22
400.4449,6.6741,-76.1139,-231.6934
401.4461,6.6908,-76.047,-232.0965
402.4472,6.7075,-75.6505,-231.1969
403.4483,6.7241,-75.6713,-233.2976
404.4494,6.7408,-75.6977,-232.1972
405.4505,6.7575,-76.3061,-233.4526
406.4516,6.7742,-75.6585,-233.5048
407.4527,6.7909,-75.9921,-233.0031
408.4538,6.8076,-76.2164,-233.0079
409.4549,6.8242,-76.0554,-233.8516
410.4561,6.8409,-76.3575,-232.8885
411.4572,6.8576,-76.2214,-234.1767
412.4583,6.8743,-76.312,-232.656
413.4594,6.891,-76.7508,-234.5276
414.4605,6.9077,-76.4533,-233.6678
415.4616,6.9244,-76.4299,-234.3338
416.4627,6.941,-76.8607,-233.7909
417.4638,6.9577,-76.6968,-234.4807
418.465,6.9744,-76.2956,-234.7354
419.4661,6.9911,-76.5023,-234.6956
420.4672,7.0078,-76.1647,-233.9096
421.4683,7.0245,-76.1276,-235.3794
422.4694,7.0412,-76.6299,-235.7635
423.4705,7.0578,-77.2728,-235.5878
424.4716,7.0745,-76.7979,-235.5293
425.4727,7.0912,-77.0237,-235.0226
426.4739,7.1079,-76.9954,-235.8776
427.475,7.1246,-77.0178,-236.2798
428.4761,7.1413,-77.3407,-235.3097
429.4772,7.158,-77.2999,-236.0582
430.4783,7.1746,-77.1898,-235.7413
431.4794,7.1913,-77.6895,-237.2936
432.4805,7.208,-77.1165,-236.8974
433.4816,7.2247,-77.5067,-235.9122
434.4828,7.2414,-77.3464,-237.3393
435.4839,7.2581,-77.5865,-236.5843
436.485,7.2747,-77.2314,-236.6455
437.4861,7.2914,-77.0362,-236.9415
438.4872,7.3081,-77.5841,-237.005
439.4883,7.3248,-77.1245,-237.461
440.4894,7.3415,-77.5773,-236.9622
441.4905,7.3582,-77.5729,-238.6668
442.4917,7.3749,-78.1033,-238.2466
443.4928,7.3915,-77.5191,-237.7982
444.4939,7.4082,-78.1162,-238.2988
445.495,7.4249,-77.9001,-237.4859
446.4961,7.4416,-78.0768,-238.2234
447.4972,7.4583,-78.1929,-238.0983
448.4983,7.475,-78.1932,-239.2994
449.4994,7.4917,-77.5204,-238.8483
450.5006,7.5083,-77.746,-238.2427
451.5017,7.525,-77.9658,-238.5377
452.5028,7.5417,-77.932,-238.8242
453.5039,7.5584,-78.0577,-239.3211
454.505,7.5751,-78.3114,-239.6369
455.5061,7.5918,-78.4804,-238.6481
456.5072,7.6085,-78.1246,-238.919
457.5083,7.6251,-78.0303,-239.1914
458.5095,7.6418,-78.3569,-238.6112
459.5106,7.6585,-78.468,-240.139
460.5117,7.6752,-78.2587,-240.3422
461.5128,7.6919,-78.7461,-240.8761
462.5139,7.7086,-78.6932,-240.7322
463.515,7.7253,-78.593,-240.6216
464.5161,7.7419,-78.6946,-239.7255
465.5172,7.7586,-78.3887,-240.9973
466.5184,7.7753,-79.3025,-240.452
467.5195,7.792,-78.8827,-240.3578
468.5206,7.8087,-78.8631,-241.096
469.5217,7.8254,-79.1361,-240.8387
470.5228,7.842,-79.054,-240.1876
471.5239,7.8587,-78.9242,-240.4913
472.525,7.8754,-78.4812,-241.7247
473.5261,7.8921,-78.9898,-240.75
474.5273,7.9088,-79.4487,-240.9368
475.5284,7.9255,-79.713,-240.8686
476.5295,7.9422,-78.4551,-241.4792
477.5306,7.9588,-78.5663,-240.8851
478.5317,7.9755,-79.1399,-241.7678
479.5328,7.9922,-78.7319,-241.8482
480.5339,8.0089,-78.9576,-241.989
481.535,8.0256,-79.1972,-242.0487
482.5362,8.0423,-79.3594,-242.3199
483.5373,8.059,-79.132,-242.0857
484.5384,8.0756,-79.0532,-242.5568
485.5395,8.0923,-79.2285,-242.9391
486.5406,8.109,-79.1646,-242.1553
487.5417,8.1257,-79.3692,-242.0458
488.5428,8.1424,-79.3008,-242.3286
489.5439,8.1591,-79.2342,-243.1855
490.5451,8.1758,-79.6881,-243.1023
491.5462,8.1924,-79.3918,-243.352
492.5473,8.2091,-79.9854,-242.8258
493.5484,8.2258,-79.689,-243.4331
494.5495,8.2425,-79.5508,-243.4307
495.5506,8.2592,-79.4366,-243.76
496.5517,8.2759,-79.7748,-242.6293
497.5528,8.2925,-79.9526,-244.8529
498.5539,8.3092,-79.6698,-244.1735
499.5551,8.3259,-80.103,-244.0093
500.5562,8.3426,-79.2289,-243.5615
501.5573,8.3593,-79.6773,-244.0851
502.5584,8.376,-80.4164,-244.4919
503.5595,8.3927,-80.3103,-243.9819
504.5606,8.4093,-79.6984,-243.9812
505.5617,8.426,-80.1233,-244.7001
506.5628,8.4427,-79.8221,-245.1168
507.564,8.4594,-79.8352,-244.8862
508.5651,8.4761,-80.0449,-244.3536
509.5662,8.4928,-79.5198,-244.3137
510.5673,8.5095,-79.9061,-245.6072
511.5684,8.5261,-80.0426,-244.5288
512.5695,8.5428,-80.3423,-244.5491
513.5706,8.5595,-80.0537,-245.1363
514.5717,8.5762,-80.3048,-244.2086
515.5729,8.5929,-79.8547,-246.0514
516.574,8.6096,-80.2618,-246.0104
517.5751,8.6263,-80.86,-244.6102
518.5762,8.6429,-80.5895,-245.8367
519.5773,8.6596,-80.1665,-246.4783
520.5784,8.6763,-80.2398,-245.1685
521.5795,8.693,-80.165,-245.2211
522.5806,8.7097,-80.3661,-245.4403
523.5818,8.7264,-80.4303,-245.97
524.5829,8.743,-80.0205,-245.9902
525.584,8.7597,-80.161,-246.0812
526.5851,8.7764,-80.6598,-246.4053
527.5862,8.7931,-80.5205,-246.2855
528.5873,8.8098,-80.9172,-245.4319
529.5884,8.8265,-80.4439,-246.7927
530.5895,8.8432,-80.8499,-246.3559
531.5907,8.8598,-80.1851,-247.2505
532.5918,8.8765,-80.6615,-246.5245
533.5929,8.8932,-80.7261,-246.4319
534.594,8.9099,-80.9845,-246.3158
535.5951,8.9266,-81.2496,-246.7331
536.5962,8.9433,-81.0676,-247.7301
537.5973,8.96,-81.3617,-247.8551
538.5984,8.9766,-80.2646,-247.2359
539.5996,8.9933,-80.7862,-247.1326
540.6007,9.01,-80.8966,-247.1869
541.6018,9.0267,-80.2508,-247.166
542.6029,9.0434,-80.726,-247.7244
543.604,9.0601,-80.4573,-247.165
544.6051,9.0768,-81.4218,-247.562
545.6062,9.0934,-80.644,-247.3549
546.6073,9.1101,-81.38,-247.009
547.6085,9.1268,-81.1801,-247.6468
548.6096,9.1435,-80.3097,-247.7673
549.6107,9.1602,-81.2209,-247.6143
550.6118,9.1769,-81.4867,-248.0338
551.6129,9.1935,-81.2034,-247.2977
552.614,9.2102,-81.4289,-247.7728
553.6151,9.2269,-81.3244,-248.4678
554.6162,9.2436,-81.0753,-248.6766
555.6174,9.2603,-81.0046,-248.3548
556.6185,9.277,-81.226,-247.4812
557.6196,9.2937,-81.0448,-248.1528
558.6207,9.3103,-81.3379,-248.1125
559.6218,9.327,-81.1947,-248.4384
560.6229,9.3437,-81.6863,-248.784
561.624,9.3604,-81.3508,-249.0017
562.6251,9.3771,-81.1291,-248.7735
563.6263,9.3938,-81.2773,-249.0732
564.6274,9.4105,-81.3036,-249.569
565.6285,9.4271,-81.2165,-248.7554
566.6296,9.4438,-81.4305,-248.0372
567.6307,9.4605,-81.5705,-249.2407
568.6318,9.4772,-81.573,-249.1494
569.6329,9.4939,-81.6084,-248.8458
570.634,9.5106,-80.8948,-249.2992
571.6352,9.5273,-81.4885,-249.3409
572.6363,9.5439,-81.0214,-248.469
573.6374,9.5606,-81.9428,-249.1153
574.6385,9.5773,-81.2836,-250.4071
575.6396,9.594,-81.388,-250.4866
576.6407,9.6107,-81.1095,-249.6328
577.6418,9.6274,-81.883,-249.5528
578.6429,9.644,-81.8566,-249.5395
579.644,9.6607,-82.0398,-250.0992
580.6452,9.6774,-81.7989,-249.5761
581.6463,9.6941,-81.5039,-249.1158
582.6474,9.7108,-81.4315,-249.6139
583.6485,9.7275,-81.0185,-250.0862
584.6496,9.7442,-81.676,-250.2688
585.6507,9.7608,-81.8679,-250.3806
586.6518,9.7775,-82.2033,-249.3556
587.6529,9.7942,-82.045,-250.0541
588.6541,9.8109,-81.8561,-252.0742
589.6552,9.8276,-81.251,-250.2634
590.6563,9.8443,-81.8871,-250.5321
591.6574,9.861,-81.6068,-250.5462
592.6585,9.8776,-81.9096,-250.2828
593.6596,9.8943,-81.6554,-249.4098
594.6607,9.911,-82.1061,-250.3899
595.6618,9.9277,-82.4144,-249.9133
596.663,9.9444,-81.8491,-250.5488
597.6641,9.9611,-82.4331,-251.4817
598.6652,9.9778,-81.441,-249.9222
599.6663,9.9944,-82.2978,-251.1229
600.6674,10.0111,-81.7223,-250.4761
601.6685,10.0278,-82.1199,-251.1618
602.6696,10.0445,-81.7883,-250.5007
603.6707,10.0612,-81.3811,-250.3676
604.6719,10.0779,-82.2315,-251.3326
605.673,10.0945,-82.3836,-251.6743
606.6741,10.1112,-82.6254,-251.414
607.6752,10.1279,-81.7986,-250.6489
608.6763,10.1446,-82.0509,-251.6039
609.6774,10.1613,-82.2366,-251.1199
610.6785,10.178,-81.8239,-250.6843
611.6796,10.1947,-81.7315,-250.6565
612.6808,10.2113,-81.9983,-251.6044
613.6819,10.228,-81.8396,-251.3756
614.683,10.2447,-82.3154,-251.9427
615.6841,10.2614,-82.3988,-251.2565
616.6852,10.2781,-82.6449,-251.7784
617.6863,10.2948,-82.4777,-251.4603
618.6874,10.3115,-82.6762,-252.4281
619.6885,10.3281,-82.637,-250.9177
620.6897,10.3448,-82.2375,-251.4519
621.6908,10.3615,-82.392,-252.2127
622.6919,10.3782,-82.3088,-250.9031
623.693,10.3949,-82.6665,-252.5246
624.6941,10.4116,-82.3681,-251.4488
625.6952,10.4283,-82.0459,-252.1016
626.6963,10.4449,-82.456,-251.8874
627.6974,10.4616,-82.8399,-252.9612
628.6986,10.4783,-82.1478,-251.7084
629.6997,10.495,-82.3885,-252.5951
630.7008,10.5117,-82.5146,-252.9731
631.7019,10.5284,-82.4011,-252.1956
632.703,10.5451,-82.8955,-252.3907
633.7041,10.5617,-81.9289,-252.0877
634.7052,10.5784,-82.845,-252.5326
635.7063,10.5951,-81.9218,-252.4358
636.7075,10.6118,-82.2859,-252.757
637.7086,10.6285,-83.1064,-252.6476
638.7097,10.6452,-83.0644,-252.7898
639.7108,10.6618,-82.7733,-253.3683
640.7119,10.6785,-82.7759,-252.7343
641.713,10.6952,-82.9,-252.7991
642.7141,10.7119,-83.3167,-252.8562
643.7152,10.7286,-82.8472,-252.3465
644.7164,10.7453,-82.7458,-252.543
645.7175,10.762,-82.7443,-253.1689
646.7186,10.7786,-83.0718,-253.5069
647.7197,10.7953,-82.8035,-252.4497
648.7208,10.812,-82.5695,-253.4585
649.7219,10.8287,-82.9162,-254.125
650.723,10.8454,-82.7404,-251.7924
651.7241,10.8621,-82.9537,-252.914
652.7253,10.8788,-82.6157,-252.6835
653.7264,10.8954,-82.9322,-253.5969
654.7275,10.9121,-82.9206,-252.6451
655.7286,10.9288,-83.0264,-254.1065
656.7297,10.9455,-82.3294,-252.3847
657.7308,10.9622,-83.0286,-253.9191
658.7319,10.9789,-82.5503,-253.4411
659.733,10.9956,-82.9561,-253.6066
660.7341,11.0122,-82.9602,-253.7532
661.7353,11.0289,-83.1395,-252.5649
662.7364,11.0456,-83.0888,-253.8163
663.7375,11.0623,-83.0523,-254.1278
664.7386,11.079,-82.8593,-253.7634
665.7397,11.0957,-82.8127,-253.8689
666.7408,11.1123,-83.3395,-253.3951
667.7419,11.129,-82.3119,-252.9943
668.743,11.1457,-83.1761,-253.8891
669.7442,11.1624,-83.1747,-254.573
670.7453,11.1791,-83.0088,-253.157
671.7464,11.1958,-82.8215,-253.5297
672.7475,11.2125,-83.4284,-254.2543
673.7486,11.2291,-83.0568,-253.8258
674.7497,11.2458,-82.5568,-253.7848
675.7508,11.2625,-82.6468,-254.7955
676.7519,11.2792,-83.3615,-253.4261
677.7531,11.2959,-83.0958,-254.3275
678.7542,11.3126,-83.2079,-254.1449
679.7553,11.3293,-83.0701,-255.4234
680.7564,11.3459,-83.1507,-254.5008
681.7575,11.3626,-83.4967,-254.1207
682.7586,11.3793,-82.8719,-254.8811
683.7597,11.396,-83.5171,-254.7133
684.7608,11.4127,-83.3146,-255.0586
685.762,11.4294,-83.3342,-253.6571
686.7631,11.4461,-83.2932,-254.987
687.7642,11.4627,-83.1351,-254.2516
688.7653,11.4794,-83.3293,-253.9924
689.7664,11.4961,-82.9052,-254.4443
690.7675,11.5128,-82.9155,-254.7817
691.7686,11.5295,-82.699,-254.9942
692.7697,11.5462,-83.3296,-254.6176
693.7709,11.5628,-83.5875,-254.2658
694.772,11.5795,-83.8595,-255.4515
695.7731,11.5962,-83.3167,-254.3817
696.7742,11.6129,-83.4674,-254.1535
697.7753,11.6296,-82.9642,-254.9249
698.7764,11.6463,-82.898,-254.0277
699.7775,11.663,-83.3373,-254.1439
700.7786,11.6796,-83.5467,-254.8082
701.7798,11.6963,-83.3675,-255.021
702.7809,11.713,-83.2135,-254.3743
703.782,11.7297,-83.7118,-255.3249
704.7831,11.7464,-83.6701,-254.178
705.7842,11.7631,-83.2397,-254.515
706.7853,11.7798,-83.7126,-255.7343
707.7864,11.7964,-83.5323,-254.6459
708.7875,11.8131,-83.2158,-255.1236
709.7887,11.8298,-83.4925,-254.6227
710.7898,11.8465,-83.0239,-255.5662
711.7909,11.8632,-83.9349,-255.0469
712.792,11.8799,-83.5106,-254.6771
713.7931,11.8966,-83.5758,-255.6226
714.7942,11.9132,-83.8032,-255.5147
715.7953,11.9299,-83.8399,-255.7832
716.7964,11.9466,-83.5784,-254.6592
717.7976,11.9633,-84.2516,-256.1006
718.7987,11.98,-83.2201,-254.4017
719.7998,11.9967,-83.5257,-255.7024
720.8009,12.0133,-83.4477,-255.655
721.802,12.03,-83.1284,-255.5148
722.8031,12.0467,-83.1809,-254.7652
723.8042,12.0634,-83.3553,-255.652
724.8053,12.0801,-83.129,-256.6152
725.8065,12.0968,-83.5698,-255.2546
726.8076,12.1135,-83.6403,-256.2885
727.8087,12.1301,-83.7398,-254.8908
728.8098,12.1468,-83.2743,-255.64
729.8109,12.1635,-84.1436,-256.2558
730.812,12.1802,-83.534,-255.5506
731.8131,12.1969,-83.8629,-255.3435
732.8142,12.2136,-83.7811,-255.41
733.8154,12.2303,-83.8125,-255.2741
734.8165,12.2469,-83.496,-254.924
735.8176,12.2636,-83.5665,-256.7605
736.8187,12.2803,-83.6165,-255.773
737.8198,12.297,-83.5836,-255.497
738.8209,12.3137,-84.0393,-255.3991
739.822,12.3304,-83.4279,-255.2248
740.8231,12.3471,-83.6205,-256.3367
741.8242,12.3637,-83.7911,-255.6896
742.8254,12.3804,-83.472,-256.2899
743.8265,12.3971,-84.168,-256.0734
744.8276,12.4138,-84.0375,-256.0025
745.8287,12.4305,-83.5418,-255.977
746.8298,12.4472,-83.7005,-255.7391
747.8309,12.4638,-83.6577,-255.3581
748.832,12.4805,-83.7117,-256.5326
749.8331,12.4972,-83.6546,-256.5515
750.8343,12.5139,-84.0369,-255.4367
751.8354,12.5306,-83.9581,-255.9527
752.8365,12.5473,-83.5279,-256.3181
753.8376,12.564,-83.5718,-257.4449
754.8387,12.5806,-83.7394,-256.6254
755.8398,12.5973,-83.96,-256.5393
756.8409,12.614,-83.4744,-255.9619
757.842,12.6307,-84.1663,-256.2267
758.8432,12.6474,-83.5867,-256.1573
759.8443,12.6641,-83.7498,-256.8241
760.8454,12.6808,-83.8928,-256.5324
761.8465,12.6974,-83.8735,-256.2564
762.8476,12.7141,-84.0498,-255.9736
763.8487,12.7308,-83.3987,-257.1275
764.8498,12.7475,-83.9961,-256.8008
765.8509,12.7642,-83.831,-256.0383
766.8521,12.7809,-84.1345,-256.7645
767.8532,12.7976,-83.8225,-256.019
768.8543,12.8142,-83.5677,-256.2188
769.8554,12.8309,-83.7619,-256.3707
770.8565,12.8476,-83.927,-256.1815
771.8576,12.8643,-83.8995,-256.0862
772.8587,12.881,-83.6658,-257.0179
773.8598,12.8977,-84.3528,-256.3463
774.861,12.9143,-83.9107,-256.056
775.8621,12.931,-83.3177,-256.6626
776.8632,12.9477,-83.7655,-256.5371
777.8643,12.9644,-83.5663,-255.5288
778.8654,12.9811,-84.0821,-256.428
779.8665,12.9978,-84.1274,-256.2705
780.8676,13.0145,-83.553,-256.9841
781.8687,13.0311,-83.726,-257.3967
782.8699,13.0478,-84.0562,-257.1976
783.871,13.0645,-83.5166,-256.8518
784.8721,13.0812,-83.9423,-257.4265
785.8732,13.0979,-83.634,-256.8222
786.8743,13.1146,-83.8968,-256.7752
787.8754,13.1313,-84.1929,-256.6965
788.8765,13.1479,-84.3394,-256.0058
789.8776,13.1646,-83.9811,-256.0042
790.8788,13.1813,-83.4532,-256.7524
791.8799,13.198,-84.0169,-256.9199
792.881,13.2147,-84.2015,-257.2684
793.8821,13.2314,-83.9665,-257.085
794.8832,13.2481,-84.0444,-257.3672
795.8843,13.2647,-84.2447,-257.5661
796.8854,13.2814,-83.3566,-257.138
797.8865,13.2981,-84.0244,-257.5395
798.8877,13.3148,-83.8994,-258.0761
799.8888,13.3315,-83.8843,-257.8821
800.8899,13.3482,-83.913,-257.24
801.891,13.3648,-83.7713,-257.3353
802.8921,13.3815,-84.2629,-257.6583
803.8932,13.3982,-84.2222,-257.2644
804.8943,13.4149,-83.8001,-256.8321
805.8954,13.4316,-84.3047,-257.4301
806.8966,13.4483,-84.1222,-257.2893
807.8977,13.465,-83.8466,-256.1065
808.8988,13.4816,-83.9293,-256.8622
809.8999,13.4983,-83.6722,-257.2792
810.901,13.515,-83.9905,-256.9362
811.9021,13.5317,-83.7904,-257.0468
812.9032,13.5484,-83.9199,-257.1466
813.9043,13.5651,-84.4627,-257.4521
814.9055,13.5818,-84.4915,-257.3283
815.9066,13.5984,-83.9146,-256.6311
816.9077,13.6151,-83.7801,-257.86
817.9088,13.6318,-84.0596,-256.9011
818.9099,13.6485,-84.2201,-257.5202
819.911,13.6652,-83.9032,-257.5695
820.9121,13.6819,-84.2244,-256.9565
821.9132,13.6986,-84.2947,-258.3587
822.9143,13.7152,-84.2461,-257.3962
823.9155,13.7319,-83.5304,-256.2494
824.9166,13.7486,-84.3404,-257.4633
825.9177,13.7653,-84.5226,-257.7651
826.9188,13.782,-83.7355,-257.1326
827.9199,13.7987,-84.0342,-257.8018
828.921,13.8154,-83.9915,-258.2702
829.9221,13.832,-84.5893,-257.9518
830.9232,13.8487,-84.2468,-257.4544
831.9244,13.8654,-84.0708,-257.5099
832.9255,13.8821,-83.8953,-257.5426
833.9266,13.8988,-84.3307,-257.1823
834.9277,13.9155,-84.4797,-258.5732
835.9288,13.9321,-84.3348,-257.6911
836.9299,13.9488,-83.6819,-257.1795
837.931,13.9655,-84.1645,-256.8436
838.9321,13.9822,-84.3473,-257.9484
839.9333,13.9989,-83.8565,-257.6631
840.9344,14.0156,-83.8367,-257.5686
841.9355,14.0323,-84.5615,-258.3749
842.9366,14.0489,-84.2654,-256.5075
843.9377,14.0656,-83.9368,-258.8043
844.9388,14.0823,-83.6753,-257.293
845.9399,14.099,-84.085,-257.3368
846.941,14.1157,-84.0464,-258.0079
847.9422,14.1324,-84.1543,-256.9827
848.9433,14.1491,-84.1639,-257.0842
849.9444,14.1657,-84.8563,-258.0608
850.9455,14.1824,-83.781,-258.6046
851.9466,14.1991,-84.1414,-258.6048
852.9477,14.2158,-84.5154,-257.8565
853.9488,14.2325,-84.4518,-257.281
854.9499,14.2492,-84.1501,-257.1028
855.9511,14.2659,-84.4123,-257.7651
856.9522,14.2825,-84.4633,-257.7955
857.9533,14.2992,-84.1348,-257.5517
858.9544,14.3159,-84.512,-258.5008
859.9555,14.3326,-84.3379,-257.3369
860.9566,14.3493,-84.3123,-257.6076
861.9577,14.366,-84.236,-258.3671
862.9588,14.3826,-84.0183,-257.5507
863.96,14.3993,-84.356,-258.6367
864.9611,14.416,-83.9631,-257.9162
865.9622,14.4327,-84.3223,-258.6761
866.9633,14.4494,-84.0637,-257.9656
867.9644,14.4661,-84.2854,-258.0421
868.9655,14.4828,-84.5993,-257.8052
869.9666,14.4994,-84.8745,-258.3015
870.9677,14.5161,-84.5427,-257.6761
871.9689,14.5328,-84.2374,-258.0501
872.97,14.5495,-84.4414,-258.9195
873.9711,14.5662,-84.2909,-258.2892
874.9722,14.5829,-84.3043,-258.0455
875.9733,14.5996,-84.226,-258.1988
876.9744,14.6162,-84.0552,-258.0972
877.9755,14.6329,-83.8687,-258.5622
878.9766,14.6496,-83.7939,-256.8141
879.9778,14.6663,-84.5274,-257.997
880.9789,14.683,-84.5238,-256.886
881.98,14.6997,-84.0363,-257.7505
882.9811,14.7164,-84.1123,-258.2819
883.9822,14.733,-85.4526,-257.6534
884.9833,14.7497,-83.9983,-257.2987
885.9844,14.7664,-83.9767,-257.6897
886.9855,14.7831,-84.0445,-258.5191
887.9867,14.7998,-84.8109,-258.3939
888.9878,14.8165,-84.2682,-258.56
889.9889,14.8331,-84.1294,-257.6823
890.99,14.8498,-84.4877,-258.2063
891.9911,14.8665,-84.6763,-258.25
892.9922,14.8832,-84.0129,-258.2675
893.9933,14.8999,-84.3435,-257.8568
894.9944,14.9166,-84.3625,-258.4355
895.9956,14.9333,-84.3628,-258.5742
896.9967,14.9499,-84.0567,-258.1624
897.9978,14.9666,-83.8203,-258.9755
898.9989,14.9833,-84.765,-258.4037
900.0,15.0,-83.7929,-258.3466
